,label_efficiency,t1_arterial_blood,desired_snr,lambda_blood_brain,perfusion_rate_scale,t1_tissue_scale,transit_time_scale,calc GM mean,calc GM sd,calc WM mean,calc WM sd,gt GM mean,gt GM sd,gt WM mean,gt WM sd
0,0.80000000,1.55000000,10000000000.00000000,0.90000000,1.00000000,1.00000000,1.00000000,40.69134313,4.82195287,9.89893433,5.80426739,58.07288512,6.46374143,21.28944373,5.95889636
1,0.80000000,1.75000000,10000000000.00000000,0.90000000,1.00000000,1.00000000,1.00000000,43.16906335,5.10633303,10.74060814,6.10648460,58.07288512,6.46374143,21.28944373,5.95889636
2,0.90000000,1.55000000,10000000000.00000000,0.90000000,1.00000000,1.00000000,1.00000000,45.77786394,5.42476148,11.13707148,6.53214952,58.07288512,6.46374143,21.28944373,5.95889636
3,0.90000000,1.75000000,10000000000.00000000,0.90000000,1.00000000,1.00000000,1.00000000,48.56530872,5.74468672,12.08406650,6.87260075,58.07288512,6.46374143,21.28944373,5.95889636
